<?xml version="1.0" encoding="UTF-8" standalone="no"?>
<extension group="system" method="upgrade" type="plugin" version="4">
	<name>plg_fabrik_system</name>
	<author>Fabrikar.com</author>
	<creationDate>May 2023</creationDate>
	<copyright>Copyright (C) 2005-2023 Media A-Team, Inc. - All rights reserved.</copyright>
	<license>GNU/GPL http://www.gnu.org/copyleft/gpl.html</license>
	<authorEmail>rob@pollen-8.co.uk</authorEmail>
	<authorUrl>www.pollen-8.co.uk</authorUrl>
	<version>4.0delta</version>
	<description>PLG_FABRIK_SYSTEM_DESCRIPTION</description>
	<files>
		<filename plugin="fabrik">fabrik.php</filename>
		<filename>defines.php</filename>
		<folder>language</folder>
	</files>
	<config>
	</config>
</extension>
