<?xml version="1.0" encoding="UTF-8" standalone="no"?>
<extension client="administrator" method="upgrade" type="module" version="4">
	<name>Fabrik Visualization</name>
	<author>Media A-Team, Inc.</author>
	<creationDate>May 2023</creationDate>
	<copyright>Copyright (C) 2005-2023 Media A-Team, Inc. - All rights reserved.</copyright>
	<license>GNU/GPL http://www.gnu.org/copyleft/gpl.html</license>
	<authorEmail>rob@pollen-8.co.uk</authorEmail>
	<authorUrl>www.fabrikar.com</authorUrl>
	<version>4.0delta</version>
	<description>This module shows a Fabrik visualization in Joomla's administration pages.</description>
	<files>
		<filename module="mod_fabrik_visualization">mod_fabrik_visualization.php</filename>
		<filename>index.html</filename>
		<filename>mod_fabrik_visualization.xml</filename>
	</files>
	<config>
		<fields name="params">
			<fieldset addfieldpath="/administrator/components/com_fabrik/models/fields" name="advanced">
				<field default="0" description="" label="Select Instance" name="id" type="visualizationlist"/>
			</fieldset>
		</fields>
	</config>
</extension>
