<?xml version="1.0" encoding="UTF-8" standalone="no"?>
<extension group="fabrik_form" method="upgrade" type="plugin" version="4">
	<name>plg_fabrik_form_comment</name>
	<author>Media A-Team, Inc.</author>
	<creationDate>May 2023</creationDate>
	<copyright>Copyright (C) 2005-2023 Media A-Team, Inc. - All rights reserved.</copyright>
	<license>GNU/GPL http://www.gnu.org/copyleft/gpl.html</license>
	<authorEmail>rob@pollen-8.co.uk</authorEmail>
	<authorUrl>www.fabrikar.com</authorUrl>
	<version>4.0delta</version>
	<help url="PLG_FORM_COMMENT_HELP_SERVER"/>
	<description>PLG_FORM_COMMENT_DESCRIPTION</description>

	<files>
		<filename plugin="comment">comment.php</filename>
		<filename>index.html</filename>
		<filename>comments.js</filename>
		<filename>comments-min.js</filename>
		<filename>inlineedit.js</filename>
		<filename>inlineedit-min.js</filename>
		<filename>comments.css</filename>
		<folder>forms</folder>
		<folder>helpers</folder>
		<folder>images</folder>
		<folder>language</folder>
		<folder>layouts</folder>
	</files>
</extension>
