<?xml version="1.0" encoding="UTF-8"?>
<extension group="fabrik_list" method="upgrade" type="plugin" version="4">
	<name>plg_fabrik_list_lockrow</name>
	<author>Hugh Messenger</author>
	<creationDate>May 2023</creationDate>
	<copyright>Copyright (C) 2005-2023 Media A-Team, Inc. - All rights reserved.</copyright>
	<license>http://www.gnu.org/copyleft/gpl.html GNU/GPL</license>
	<authorEmail>hugh.messenger@gmail.com</authorEmail>
	<authorUrl>www.fabrikar.com</authorUrl>
	<version>4.0delta</version>
	<help url="PLG_LIST_LOCKROW_HELP_SERVER"/>
	<description>PLG_LIST_LOCKROW_DESCRIPTION</description>
	<files>
		<filename plugin="lockrow">lockrow.php</filename>
		<filename>index.html</filename>
		<folder>language</folder>
		<folder>forms</folder>
	</files>
</extension>
