<?xml version="1.0" encoding="UTF-8" standalone="no"?>
<extension group="content" method="upgrade" type="plugin" version="4">
	<name>plg_fabrik</name>
	<author>Media A-Team, Inc.</author>
	<creationDate>May 2023</creationDate>
	<copyright>Copyright (C) 2005-2023 Media A-Team, Inc. - All rights reserved.</copyright>
	<license>GNU/GPL http://www.gnu.org/copyleft/gpl.html</license>
	<authorEmail>rob@pollen-8.co.uk</authorEmail>
	<authorUrl>www.fabrikar.com</authorUrl>
	<version>4.0delta</version>
	<description>PLG_FABRIK_DESCRIPTION</description>
	<files>
		<filename plugin="fabrik">fabrik.php</filename>
		<folder>language</folder>
	</files>

	<config>
		<fields name="params">
			<fieldset label="PLG_FABRIK_OPTIONS" name="params">
				<field name="botRegex" type="text" size="20" default="fabrik" label="PLG_FABRIK_FUNCTION_NAME_LABEL" description="PLG_FABRIK_FUNCTION_NAME_DESC"/>
			</fieldset>
		</fields>
	</config>

</extension>
