<?xml version="1.0" encoding="UTF-8" standalone="no"?>
<extension group="fabrik_list" method="upgrade" type="plugin" version="4">
	<name>plg_fabrik_list_email</name>
	<author>Media A-Team, Inc.</author>
	<creationDate>May 2023</creationDate>
	<copyright>Copyright (C) 2005-2023 Media A-Team, Inc. - All rights reserved.</copyright>
	<license>GNU/GPL http://www.gnu.org/copyleft/gpl.html</license>
	<authorEmail>rob@pollen-8.o.uk</authorEmail>
	<authorUrl>www.fabrikar.com</authorUrl>
	<version>4.0delta</version>
	<help url="PLG_LIST_EMAIL_HELP_SERVER"/>
	<description>PLG_LIST_EMAIL_DESCRIPTION</description>
	<files>
		<filename plugin="email">email.js</filename>
		<filename>email-min.js</filename>
		<filename>index.html</filename>
		<folder>controllers</folder>
		<folder>forms</folder>
		<folder>language</folder>
		<folder>models</folder>
		<folder>views</folder>
		<folder>tmpl</folder>
	</files>

</extension>
