<?xml version="1.0" encoding="UTF-8" standalone="no"?>
<extension type="package" version="4" method="upgrade">
    <name>Fabrik Package</name>
    <packagename>fabrik</packagename>
    <version>4.0delta</version>
    <url>http://www.fabrikar.com</url>
    <creationDate>May 2023</creationDate>
    <copyright>Copyright (C) 2005-2023 Media A-Team, Inc. - All rights reserved.</copyright>
    <author>Media A-Team, Inc.</author>
    <packager>Rob Clayburn</packager>
    <packagerurl>http://www.fabrikar.com</packagerurl>
    <description>Fabrik Package</description>
    <updateservers>
        <server type="package" name="Fabrik">http://skurvishenterprises.com/fabrik/update/fabrik4/pkg_fabrik.xml</server>
    </updateservers>
    <files>
        <file group="fabrik_element" id="checkbox" type="plugin">plg_fabrik_element_checkbox_4.0delta.zip</file>
        <file group="fabrik_element" id="databasejoin" type="plugin">plg_fabrik_element_databasejoin_4.0delta.zip</file>
        <file group="fabrik_element" id="date" type="plugin">plg_fabrik_element_date_4.0delta.zip</file>
        <file group="fabrik_element" id="display" type="plugin">plg_fabrik_element_display_4.0delta.zip</file>
        <file group="fabrik_element" id="dropdown" type="plugin">plg_fabrik_element_dropdown_4.0delta.zip</file>
        <file group="fabrik_element" id="field" type="plugin">plg_fabrik_element_field_4.0delta.zip</file>
        <file group="fabrik_element" id="internalid" type="plugin">plg_fabrik_element_internalid_4.0delta.zip</file>
        <file group="fabrik_element" id="jdate" type="plugin">plg_fabrik_element_jdate_4.0delta.zip</file>
        <file group="fabrik_element" id="radiobutton" type="plugin">plg_fabrik_element_radiobutton_4.0delta.zip</file>
        <file group="fabrik_element" id="textarea" type="plugin">plg_fabrik_element_textarea_4.0delta.zip</file>
        <file group="fabrik_element" id="user" type="plugin">plg_fabrik_element_user_4.0delta.zip</file>
        <file group="fabrik_element" id="yesno" type="plugin">plg_fabrik_element_yesno_4.0delta.zip</file>
        <file group="fabrik_element" id="birthday" type="plugin">plg_fabrik_element_birthday_4.0delta.zip</file>
        <file group="fabrik_element" id="button" type="plugin">plg_fabrik_element_button_4.0delta.zip</file>
        <file group="fabrik_element" id="calc" type="plugin">plg_fabrik_element_calc_4.0delta.zip</file>
        <file group="fabrik_element" id="captcha" type="plugin">plg_fabrik_element_captcha_4.0delta.zip</file>
        <file group="fabrik_element" id="cascadingdropdown" type="plugin">plg_fabrik_element_cascadingdropdown_4.0delta.zip</file>
        <file group="fabrik_element" id="colourpicker" type="plugin">plg_fabrik_element_colourpicker_4.0delta.zip</file>
        <file group="fabrik_element" id="count" type="plugin">plg_fabrik_element_count_4.0delta.zip</file>
        <file group="fabrik_element" id="fileupload" type="plugin">plg_fabrik_element_fileupload_4.0delta.zip</file>
        <file group="fabrik_element" id="folder" type="plugin">plg_fabrik_element_folder_4.0delta.zip</file>
        <file group="fabrik_element" id="image" type="plugin">plg_fabrik_element_image_4.0delta.zip</file>
        <file group="fabrik_element" id="link" type="plugin">plg_fabrik_element_link_4.0delta.zip</file>
        <file group="fabrik_element" id="lockrow" type="plugin">plg_fabrik_element_lockrow_4.0delta.zip</file>
        <file group="fabrik_element" id="notes" type="plugin">plg_fabrik_element_notes_4.0delta.zip</file>
        <file group="fabrik_element" id="picklist" type="plugin">plg_fabrik_element_picklist_4.0delta.zip</file>
        <file group="fabrik_element" id="time" type="plugin">plg_fabrik_element_time_4.0delta.zip</file>
        <file group="fabrik_element" id="timer" type="plugin">plg_fabrik_element_timer_4.0delta.zip</file>
        <file group="fabrik_element" id="timestamp" type="plugin">plg_fabrik_element_timestamp_4.0delta.zip</file>
        <file group="fabrik_element" id="total" type="plugin">plg_fabrik_element_total_4.0delta.zip</file>
        <file group="fabrik_element" id="googlemap" type="plugin">plg_fabrik_element_googlemap_4.0delta.zip</file>
        <file group="fabrik_element" id="access" type="plugin">plg_fabrik_element_access_4.0delta.zip</file>
        <file group="fabrik_element" id="ip" type="plugin">plg_fabrik_element_ip_4.0delta.zip</file>
        <file group="fabrik_element" id="password" type="plugin">plg_fabrik_element_password_4.0delta.zip</file>
        <file group="fabrik_element" id="usergroup" type="plugin">plg_fabrik_element_usergroup_4.0delta.zip</file>
        <file group="fabrik_element" id="viewlevel" type="plugin">plg_fabrik_element_viewlevel_4.0delta.zip</file>
        <file group="fabrik_element" id="rating" type="plugin">plg_fabrik_element_rating_4.0delta.zip</file>
        <file group="fabrik_element" id="thumbs" type="plugin">plg_fabrik_element_thumbs_4.0delta.zip</file>
        <file group="fabrik_element" id="digsig" type="plugin">plg_fabrik_element_digsig_4.0delta.zip</file>
        <file group="fabrik_element" id="sequence" type="plugin">plg_fabrik_element_sequence_4.0delta.zip</file>
        <file group="fabrik_element" id="slider" type="plugin">plg_fabrik_element_slider_4.0delta.zip</file>
        <file group="fabrik_form" id="email" type="plugin">plg_fabrik_form_email_4.0delta.zip</file>
        <file group="fabrik_form" id="redirect" type="plugin">plg_fabrik_form_redirect_4.0delta.zip</file>
        <file group="fabrik_form" id="php" type="plugin">plg_fabrik_form_php_4.0delta.zip</file>
        <file group="fabrik_form" id="notification" type="plugin">plg_fabrik_form_notification_4.0delta.zip</file>
        <file group="fabrik_form" id="autofill" type="plugin">plg_fabrik_form_autofill_4.0delta.zip</file>
        <file group="fabrik_form" id="consent" type="plugin">plg_fabrik_form_consent_4.0delta.zip</file>
        <file group="fabrik_form" id="limit" type="plugin">plg_fabrik_form_limit_4.0delta.zip</file>
        <file group="fabrik_form" id="log" type="plugin">plg_fabrik_form_log_4.0delta.zip</file>
        <file group="fabrik_form" id="paginate" type="plugin">plg_fabrik_form_paginate_4.0delta.zip</file>
        <file group="fabrik_form" id="receipt" type="plugin">plg_fabrik_form_receipt_4.0delta.zip</file>
        <file group="fabrik_form" id="juser" type="plugin">plg_fabrik_form_juser_4.0delta.zip</file>
        <file group="fabrik_form" id="comment" type="plugin">plg_fabrik_form_comment_4.0delta.zip</file>
        <file group="fabrik_validationrule" id="isnot" type="plugin">plg_fabrik_validationrule_isnot_4.0delta.zip</file>
        <file group="fabrik_validationrule" id="isnumeric" type="plugin">plg_fabrik_validationrule_isnumeric_4.0delta.zip</file>
        <file group="fabrik_validationrule" id="isuniquevalue" type="plugin">plg_fabrik_validationrule_isuniquevalue_4.0delta.zip</file>
        <file group="fabrik_validationrule" id="notempty" type="plugin">plg_fabrik_validationrule_notempty_4.0delta.zip</file>
        <file group="fabrik_validationrule" id="php" type="plugin">plg_fabrik_validationrule_php_4.0delta.zip</file>
        <file group="fabrik_validationrule" id="regex" type="plugin">plg_fabrik_validationrule_regex_4.0delta.zip</file>
        <file group="fabrik_validationrule" id="emailexists" type="plugin">plg_fabrik_validationrule_emailexists_4.0delta.zip</file>
        <file group="fabrik_validationrule" id="userexists" type="plugin">plg_fabrik_validationrule_userexists_4.0delta.zip</file>
        <file group="fabrik_validationrule" id="areuniquevalues" type="plugin">plg_fabrik_validationrule_areuniquevalues_4.0delta.zip</file>
        <file group="fabrik_validationrule" id="isalphanumeric" type="plugin">plg_fabrik_validationrule_isalphanumeric_4.0delta.zip</file>
        <file group="fabrik_validationrule" id="isemail" type="plugin">plg_fabrik_validationrule_isemail_4.0delta.zip</file>
        <file group="fabrik_validationrule" id="isgreaterorlessthan" type="plugin">plg_fabrik_validationrule_isgreaterorlessthan_4.0delta.zip</file>
        <file group="fabrik_validationrule" id="isiban" type="plugin">plg_fabrik_validationrule_isiban_4.0delta.zip</file>
        <file group="fabrik_list" id="candeleterow" type="plugin">plg_fabrik_list_candeleterow_4.0delta.zip</file>
        <file group="fabrik_list" id="caneditrow" type="plugin">plg_fabrik_list_caneditrow_4.0delta.zip</file>
        <file group="fabrik_list" id="canviewrow" type="plugin">plg_fabrik_list_canviewrow_4.0delta.zip</file>
        <file group="fabrik_list" id="copy" type="plugin">plg_fabrik_list_copy_4.0delta.zip</file>
        <file group="fabrik_list" id="email" type="plugin">plg_fabrik_list_email_4.0delta.zip</file>
        <file group="fabrik_list" id="js" type="plugin">plg_fabrik_list_js_4.0delta.zip</file>
        <file group="fabrik_list" id="php" type="plugin">plg_fabrik_list_php_4.0delta.zip</file>
        <file group="fabrik_list" id="php_events" type="plugin">plg_fabrik_list_php_events_4.0delta.zip</file>
        <file group="fabrik_list" id="download" type="plugin">plg_fabrik_list_download_4.0delta.zip</file>
        <file group="fabrik_list" id="listcsv" type="plugin">plg_fabrik_list_listcsv_4.0delta.zip</file>
        <file group="fabrik_list" id="lockrow" type="plugin">plg_fabrik_list_lockrow_4.0delta.zip</file>
        <file group="fabrik_list" id="update_col" type="plugin">plg_fabrik_list_update_col_4.0delta.zip</file>
        <file group="fabrik_list" id="link" type="plugin">plg_fabrik_list_link_4.0delta.zip</file>
        <file group="fabrik_list" id="order" type="plugin">plg_fabrik_list_order_4.0delta.zip</file>
        <file group="fabrik_cron" id="email" type="plugin">plg_fabrik_cron_email_4.0delta.zip</file>
        <file group="fabrik_cron" id="geocode" type="plugin">plg_fabrik_cron_geocode_4.0delta.zip</file>
        <file group="fabrik_cron" id="importcsv" type="plugin">plg_fabrik_cron_importcsv_4.0delta.zip</file>
        <file group="fabrik_cron" id="notification" type="plugin">plg_fabrik_cron_notification_4.0delta.zip</file>
        <file group="fabrik_cron" id="php" type="plugin">plg_fabrik_cron_php_4.0delta.zip</file>
        <file group="fabrik_visualization" id="fullcalendar" type="plugin">plg_fabrik_visualization_fullcalendar_4.0delta.zip</file>
        <file group="fabrik_visualization" id="googlemap" type="plugin">plg_fabrik_visualization_googlemap_4.0delta.zip</file>
        <file group="system" id="fabrik" type="plugin">plg_fabrik_system_4.0delta.zip</file>
        <file group="search" id="fabrik" type="plugin">plg_fabrik_search_4.0delta.zip</file>
        <file group="system" id="fabrikcron" type="plugin">plg_fabrik_schedule_4.0delta.zip</file>
        <file group="content" id="fabrik" type="plugin">plg_fabrik_content_4.0delta.zip</file>
        <file id="fabrik" type="library">lib_fabrik_fabrik4.0delta.zip</file>
        <file id="libs" type="library">lib_fabrik_libs4.0delta.zip</file>
        <file id="vendor" type="library">lib_fabrik_vendor4.0delta.zip</file>
        <file client="site" id="mod_fabrik_list" type="module">mod_fabrik_list_4.0delta.zip</file>
        <file client="site" id="mod_fabrik_form" type="module">mod_fabrik_form_4.0delta.zip</file>
        <file client="administrator" id="mod_fabrik_form" type="module">mod_fabrik_admin_form_4.0delta.zip</file>
        <file client="administrator" id="mod_fabrik_list" type="module">mod_fabrik_admin_list_4.0delta.zip</file>
        <file client="administrator" id="mod_fabrik_quickicon" type="module">mod_fabrik_admin_quickicon_4.0delta.zip</file>
        <file client="administrator" id="mod_fabrik_visualization" type="module">mod_fabrik_admin_visualization_4.0delta.zip</file>
        <file id="com_fabrik" type="component">com_fabrik_4.0delta.zip</file>
    </files>
    <scriptfile>pkg_fabrik.manifest.class.php</scriptfile>
</extension>