<?xml version="1.0" encoding="UTF-8" standalone="no"?>
<extension group="fabrik_element" method="upgrade" type="plugin" version="4">
	<name>plg_fabrik_element_thumbs</name>
	<author>Thomas Spierckel</author>
	<creationDate>May 2023</creationDate>
	<copyright>Copyright (C) 2005-2023 Media A-Team, Inc. - All rights reserved.</copyright>
	<license>GNU/GPL http://www.gnu.org/copyleft/gpl.html</license>
	<authorEmail>tom@spierckel.net</authorEmail>
	<authorUrl>www.fabrikar.com</authorUrl>
	<version>4.0delta</version>
	<help url="PLG_ELEMENT_THUMBS_HELP_SERVER"/>
	<description>PLG_ELEMENT_THUMBS_DESCRIPTION</description>

	<files>
		<filename plugin="thumbs">thumbs.php</filename>
		<filename>index.html</filename>
		<filename>thumbs.js</filename>
		<filename>thumbs-min.js</filename>
		<filename>list-thumbs.js</filename>
		<filename>list-thumbs-min.js</filename>
		<folder>forms</folder>
		<folder>images</folder>
		<folder>language</folder>
		<folder>layouts</folder>
	</files>

</extension>
