<?xml version="1.0" encoding="UTF-8" standalone="no"?>
<extension group="fabrik_validationrule" method="upgrade" type="plugin" version="4">
	<name>plg_fabrik_validationrule_isiban</name>
	<author>Media A-Team, Inc.</author>
	<creationDate>May 2023</creationDate>
	<copyright>Copyright (C) 2005-2023 Media A-Team, Inc. - All rights reserved.</copyright>
	<license>GNU/GPL http://www.gnu.org/copyleft/gpl.html</license>
	<authorEmail>hugh.messenger@gmail.com</authorEmail>
	<authorUrl>www.fabrikar.com</authorUrl>
	<version>4.0delta</version>
	<help url="PLG_VALIDATIONRULE_ISNUMERIC_HELP_SERVER"/>
	<description>PLG_VALIDATIONRULE_ISNUMERIC_DESCRIPTION</description>

	<files>
		<filename plugin="isiban">isiban.php</filename>
		<filename>index.html</filename>
		<folder>forms</folder>
		<folder>language</folder>
		<folder>libs</folder>
	</files>

	<config>
		<fields name="params">
			<fieldset label="PLG_FABRIK_OPTIONS" name="params">

				<field name="icon" type="text" default="star" description="PLG_FABRIK_VALIDATION_ICON_DESC" label="PLG_FABRIK_VALIDATION_ICON_LABEL"/>
			</fieldset>
		</fields>
	</config>

</extension>
