<?xml version="1.0" encoding="UTF-8" standalone="no"?>
<extension group="fabrik_cron" method="upgrade" type="plugin" version="4">
	<name>plg_cron_importcsv</name>
	<author>Mike Griggs</author>
	<creationDate>May 2023</creationDate>
	<copyright>Copyright (C) 2005-2023 Media A-Team, Inc. - All rights reserved.</copyright>
	<license>GNU/GPL http://www.gnu.org/copyleft/gpl.html</license>
	<authorEmail>migsby@gmail.com</authorEmail>
	<authorUrl>www.fabrikar.com</authorUrl>
	<version>4.0delta</version>
	<help url="PLG_CRON_IMPORTCSV_HELP_SERVER"/>
	<description>PLG_CRON_IMPORTCSV_DESCRIPTION</description>
	<files>
		<filename plugin="importcsv">importcsv.php</filename>
		<filename>index.html</filename>
		<folder>forms</folder>
		<folder>language</folder>
	</files>
</extension>
