<?xml version="1.0" encoding="UTF-8" standalone="no"?>
<extension group="fabrik_form" method="upgrade" type="plugin" version="4">
	<name>plg_fabrik_form_notification</name>
	<author>Media A-Team, Inc.</author>
	<creationDate>May 2023</creationDate>
	<copyright>Copyright (C) 2005-2023 Media A-Team, Inc. - All rights reserved.</copyright>
	<license>GNU/GPL http://www.gnu.org/copyleft/gpl.html</license>
	<authorEmail>rob@pollen-8.co.uk</authorEmail>
	<authorUrl>www.fabrikar.com</authorUrl>
	<version>4.0delta</version>
	<help url="PLG_FORM_NOTIFICATION_HELP_SERVER"/>
	<description>PLG_FORM_NOTIFICATION_DESCRIPTION</description>

	<files>
		<filename plugin="notification">notification.php</filename>
		<filename>index.html</filename>
		<folder>forms</folder>
		<folder>language</folder>
		<file>notify.js</file>
		<file>notify-min.js</file>
	</files>
</extension>
