<?xml version="1.0" encoding="UTF-8" standalone="no"?>
<extension group="fabrik_cron" method="upgrade" type="plugin" version="4">
	<name>plg_fabrik_cron_php</name>
	<author>Media A-Team, Inc.</author>
	<creationDate>May 2023</creationDate>
	<copyright>Copyright (C) 2005-2023 Media A-Team, Inc. - All rights reserved.</copyright>
	<license>GNU/GPL http://www.gnu.org/copyleft/gpl.html</license>
	<authorEmail>rob@pollen-8.co.uk</authorEmail>
	<authorUrl>www.fabrikar.com</authorUrl>
	<version>4.0delta</version>
	<help url="PLG_FABRIK_CRON_PHP_HELP_SERVER"/>
	<description>PLG_FABRIK_CRON_PHP_DESCRIPTION</description>
	<files>
		<filename plugin="php">php.php</filename>
		<folder>forms</folder>
		<folder>language</folder>
		<folder>scripts</folder>
		<filename>index.html</filename>
	</files>
</extension>
