<?xml version="1.0" encoding="UTF-8" standalone="no"?>
<extension group="fabrik_validationrule" method="upgrade" type="plugin" version="4">
	<name>plg_fabrik_validationrule_areuniquevalues</name>
	<author>Lieven Gryp</author>
	<creationDate>May 2023</creationDate>
	<copyright>Copyright (C) 2005-2023 Media A-Team, Inc. - All rights reserved.</copyright>
	<license>GNU/GPL http://www.gnu.org/copyleft/gpl.html</license>
	<authorEmail>lieven.gryp@telenet.be</authorEmail>
	<authorUrl>www.acpegasus.be</authorUrl>
	<version>4.0delta</version>
	<help url="PLG_VALIDATIONRULE_AREUNIQUEVALUES_HELP_SERVER"/>
	<description>PLG_VALIDATIONRULE_AREUNIQUEVALUES_DESCRIPTION</description>
	<files>
		<filename plugin="areuniquevalues">areuniquevalues.php</filename>
		<filename>index.html</filename>
		<folder>forms</folder>
		<folder>language</folder>
	</files>

	<config>
		<fields name="params">
			<fieldset label="PLG_FABRIK_OPTIONS" name="params">

				<field name="icon" type="text" default="star" description="PLG_FABRIK_VALIDATION_ICON_DESC" label="PLG_FABRIK_VALIDATION_ICON_LABEL"/>
			</fieldset>
		</fields>
	</config>

</extension>
