<?xml version="1.0" encoding="UTF-8"?>
<extension type="library" method="upgrade" version="4">
	<name>Fabrik library</name>
	<libraryname>fabrik/fabrik</libraryname>
    <author>Henk van Klinken</author>
    <creationDate>May 2023</creationDate>
    <copyright>Copyright (C) 2005-2023 Media A-Team, Inc. - All rights reserved.</copyright>
    <license>GNU/GPL http://www.gnu.org/copyleft/gpl.html</license>
	<version>4.0delta</version>
	<description>Fabrik - Library files</description>
	<files>
        <folder>fabrik</folder>
        <file>include.php</file>
        <file>fabrik.xml</file>
	</files>
</extension>
