<?xml version="1.0" encoding="UTF-8" standalone="no"?>
<extension group="fabrik_element" method="upgrade" type="plugin" version="4">
	<name>plg_fabrik_element_display</name>
	<author>Media A-Team, Inc.</author>
	<creationDate>May 2023</creationDate>
	<copyright>Copyright (C) 2005-2023 Media A-Team, Inc. - All rights reserved.</copyright>
	<license>GNU/GPL http://www.gnu.org/copyleft/gpl.html</license>
	<authorEmail>rob@pollen-8.co.uk</authorEmail>
	<authorUrl>www.fabrikar.com</authorUrl>
	<version>4.0delta</version>
	<help url="PLG_ELEMENT_DISPLAY_HELP_SERVER"/>
	<description>PLG_ELEMENT_DISPLAY_DESCRIPTION</description>
	<files>
		<filename plugin="display">display.php</filename>
		<filename>display.js</filename>
		<filename>display-min.js</filename>
		<filename>index.html</filename>
		<folder>forms</folder>
		<folder>language</folder>
		<folder>layouts</folder>
	</files>

</extension>
