<?xml version="1.0" encoding="UTF-8" standalone="no"?>
<extension group="fabrik_list" method="upgrade" type="plugin" version="4">
	<name>plg_fabrik_list_php_events</name>
	<author>Mauro H. Leggieri</author>
	<creationDate>May 2023</creationDate>
	<copyright>Copyright (C) 2005-2023 Media A-Team, Inc. - All rights reserved.</copyright>
	<license>GNU/GPL http://www.gnu.org/copyleft/gpl.html</license>
	<authorEmail>mxmauro@mauroleggieri.com.ar</authorEmail>
	<authorUrl>www.yodespotrico.com.ar</authorUrl>
	<version>4.0delta</version>
	<help url="PLG_LIST_PHP_EVENTS_HELP_SERVER"/>
	<description>PLG_LIST_PHP_EVENTS_DESCRIPTION</description>
	<files>
		<filename plugin="php_events">php_events.php</filename>
		<filename>index.html</filename>
		<folder>forms</folder>
    	<folder>language</folder>
	</files>
</extension>
